Name,ID,urlSlug,birthDate,disciplines
Faki MOHAMED,15108062,https://worldathletics.org/athletes/qatar/faki-mohamed-15108062,,Long Jump
Tameem AL TEMIMI,15039268,https://worldathletics.org/athletes/qatar/tameem-al-temimi-15039268,2006-08-01 00:00:00,"100 Metres, 200 Metres, 60 Metres"
Eltayeb ABDELGADIR,15140412,https://worldathletics.org/athletes/qatar/abdelgadir-eltayeb-15140412,2004-09-30 00:00:00,"High Jump, Long Jump"
Adam ABDULQADER,15157310,https://worldathletics.org/athletes/qatar/adam-abdulqader-15157310,,400 Metres
Mubarak Abdulla AL-NOUBI,15089243,https://worldathletics.org/athletes/qatar/mubarak-abdulla-al-noubi-15089243,2006-03-14 00:00:00,"60m Hurdles (91.4cm), 110m Hurdles (99.0cm), 110m Hurdles (91.4cm)"
Mohsin Faisal ABDELRAHIM,15140411,https://worldathletics.org/athletes/qatar/mohsin-faisal-abdelrahim-15140411,2007-06-29 00:00:00,Long Jump
Mohamed ALI NOFAL,15081820,https://worldathletics.org/athletes/qatar/mohamed-aly-noufal-15081820,2005-08-14 00:00:00,"Triple Jump, Long Jump"
Rizwan Ahmed HUSSAIN MANAR,15108004,https://worldathletics.org/athletes/qatar/rizwan-ahmed-hussain-manar-15108004,,Javelin Throw
Ahmed AL IMAM,14218988,https://worldathletics.org/athletes/qatar/ahmed-al-imam-014218988,1982,"800 Metres, 400 Metres, 4x400 Metres Relay"
Nasser Meziane BRAHIMI,14219026,https://worldathletics.org/athletes/qatar/nasser-meziane-brahimi-014219026,1984,"110m Hurdles (91.4cm), 110 Metres Hurdles, 60 Metres Hurdles"
Ibrahim HAMDAN,15086775,https://worldathletics.org/athletes/qatar/ibrahim-haydar-abdalla-15086775,2006-07-21 00:00:00,"4x800 Metres Relay Short Track, 800 Metres, 800 Metres Short Track"
Aboubakar HASSAN,15140413,https://worldathletics.org/athletes/qatar/aboubakar-hassan-15140413,2008-07-25 00:00:00,"High Jump, Long Jump"
Mohammed HASSAN,15091204,https://worldathletics.org/athletes/qatar/mohammed-hassan-15091204,,400 Metres
Abderrahman SAMBA,14752208,https://worldathletics.org/athletes/qatar/abderrahman-samba-14752208,1995-09-05 00:00:00,"400 Metres Hurdles, 400 Metres, 4x400 Metres Relay"
Abdrahman ABAKAR,15039162,https://worldathletics.org/athletes/qatar/mahamat-abakar-abdrahman-15039162,2006-04-17 00:00:00,"300 Metres Hurdles (84.0cm), 400 Metres Hurdles, 400m hurdles (84.0cm)"
Ahmad Hamdan Abou JALALA,14219051,https://worldathletics.org/athletes/qatar/ahmad-hamdan-abou-jalala-014219051,1982-12-24 00:00:00,"Javelin Throw, Javelin Throw (700g)"
Mohamed MUSSA,15135761,https://worldathletics.org/athletes/qatar/mohamed-mussa-15135761,,"400 Metres, 200 Metres"
Mohamed Ibrahim AL KHALIFA,14218991,https://worldathletics.org/athletes/qatar/mohamed-ibrahim-al-khalifa-014218991,1981-12-25 00:00:00,"Javelin Throw, Javelin Throw (700g)"
Bassem HEMEIDA,14827001,https://worldathletics.org/athletes/qatar/bassem-hemeida-14827001,2000-03-28 00:00:00,"400 Metres Hurdles, 400 Metres, 4x400 Metres Relay"
Samer Moosa HASSAN,15157303,https://worldathletics.org/athletes/qatar/samer-moosa-hassan-15157303,2008-05-01 00:00:00,"400 Metres Short Track, 200 Metres Short Track, 300 Metres Short Track"
Sami .,15157316,https://worldathletics.org/athletes/qatar/sami-15157316,,400 Metres
Nayef AL RASHIDI,14972122,https://worldathletics.org/athletes/qatar/nayef-mubarak-al-rashidi-14972122,2004-01-25 00:00:00,"110m Hurdles (91.4cm), 110m Hurdles (99.0cm), 100 Metres"
Femi OGUNODE,14330343,https://worldathletics.org/athletes/qatar/femi-ogunode-14330343,1991-05-15 00:00:00,"100 Metres, 200 Metres, 400 Metres"
Faki MAHAMAT,15091209,https://worldathletics.org/athletes/qatar/faki-mahamat-15091209,2006-04-15 00:00:00,"Triple Jump, Long Jump"
Zakaria AL ALHLAMI,14953831,https://worldathletics.org/athletes/qatar/zakaria-al-alhlami-14953831,2004-07-07 00:00:00,"1500 Metres, 800 Metres, 3000 Metres Steeplechase"
Yaser Salem BAGHARAB,14651434,https://worldathletics.org/athletes/qatar/yaser-salem-bagharab-14651434,1998-01-01 00:00:00,"3000 Metres Steeplechase, 5000 Metres, 1500 Metres"
Hamza DRIOUCH,14408590,https://worldathletics.org/athletes/qatar/hamza-driouch-014408590,1994-11-16 00:00:00,"1500 Metres, 800 Metres, 1500 Metres Short Track"
Asad HASSAN,14218968,https://worldathletics.org/athletes/qatar/ahmad-hassan-abdullah-014218968,1981-04-04 00:00:00,"10,000 Metres, 5000 Metres, 3000 Metres"
Hawari AHMED,14375309,https://worldathletics.org/athletes/qatar/mohamed-ahmed-al-mannai-014375309,1992-09-12 00:00:00,"Octathlon Boys, Long Jump, Decathlon"
Suleiman Abdisalan BARKAD,15105801,https://worldathletics.org/athletes/qatar/suleiman-abdisalan-barkad-15105801,2006-05-04 00:00:00,"1500 Metres, 3000 Metres"
Maizen ALI,15076373,https://worldathletics.org/athletes/qatar/maizen-ali-15076373,2005-12-13 00:00:00,"4x400 Metres Relay, 400 Metres, 200 Metres"
Mohammed MOHAMOUD,15147852,https://worldathletics.org/athletes/qatar/mohammed-mohamoud-15147852,2004-02-29 00:00:00,3000 Metres
Easa Hassan FADOL,14218968,https://worldathletics.org/athletes/qatar/ahmad-hassan-abdullah-014218968,1981-04-04 00:00:00,"10,000 Metres, 5000 Metres, 3000 Metres"
Mariam Mamdouh FARID,14760443,https://worldathletics.org/athletes/qatar/mariam-mamdouh-farid-014760443,1998-02-01 00:00:00,"400 Metres Hurdles, 400 Metres, 200 Metres"
Maaz Abdelrahman SHAGAG,14219102,https://worldathletics.org/athletes/qatar/maaz-abdelrahman-shagag-014219102,1991,"4x1500 Metres Relay, 3000 Metres Steeplechase, 1500 Metres"
Mohamoud MUSA,15157309,https://worldathletics.org/athletes/qatar/mohamoud-musa-15157309,,"400 Metres, 400 Metres Hurdles"
Achraf ELHARRAR,15147851,https://worldathletics.org/athletes/qatar/achraf-elharrar-15147851,2005,"1500 Metres, 3000 Metres"
Ahmed Ibrahim WARSAMA,14219121,https://worldathletics.org/athletes/qatar/ahmed-ibrahim-warsama-014219121,1966-02-04 00:00:00,"1500 Metres, 5000 Metres, 3000 Metres"
Ashraf ELSEIFY,14523902,https://worldathletics.org/athletes/qatar/ashraf-elseify-14523902,1995-02-20 00:00:00,"Hammer Throw (6kg), Hammer Throw, Hammer Throw (5kg)"
Seifeldin HENEIDA ABDESALAM,15039267,https://worldathletics.org/athletes/qatar/seifeldin-heneida-abdesalam-15039267,2005-03-28 00:00:00,Pole Vault
Mohamad ALGARNI,14373540,https://worldathletics.org/athletes/qatar/mohamad-algarni-14373540,1992-07-02 00:00:00,"1500 Metres Short Track, 1500 Metres, 800 Metres"
Mohammed ELALAMI,15147850,https://worldathletics.org/athletes/qatar/mohammed-elalami-15147850,2004-08-02 00:00:00,3000 Metres
Mohamed SULEIMAN,14219115,https://worldathletics.org/athletes/qatar/mohamed-suleiman-014219115,1969-11-23 00:00:00,"1500 Metres, 5000 Metres, One Mile"
Rabi Mohamoud MUBARAK,14793901,https://worldathletics.org/athletes/qatar/rabi-mohamoud-mubarak-014793901,2000-03-22 00:00:00,"800 Metres, 1500 Metres, 1500 Metres Short Track"
Ilyas AL-WALI,14910161,https://worldathletics.org/athletes/qatar/ilyas-al-wali-014910161,,"1500 Metres, 5000 Metres, 800 Metres"
Idris EZZALDIN,15148234,https://worldathletics.org/athletes/qatar/idris-ezzaldin-15148234,2005-06-22 00:00:00,1500 Metres
Abdinasir SALAD,15147853,https://worldathletics.org/athletes/qatar/abdinasir-salad-15147853,2004-05-09 00:00:00,3000 Metres
Abdelmadjid Mahamat MAHADJIR,14882925,https://worldathletics.org/athletes/qatar/abdelmadjid-mahamat-mahadjir-14882925,2003-11-21 00:00:00,"200 Metres, 400 Metres, 100 Metres"
Ahmed IHAB,15038566,https://worldathletics.org/athletes/qatar/ahmed-ihab-15038566,2006,Discus Throw (1.500kg)
Mahmoud MASOUD,14827989,https://worldathletics.org/athletes/qatar/mahmoud-masoud-014827989,1994-12-10 00:00:00,"Discus Throw, Shot Put"
Ysser Jamal MOHAMED,15091219,https://worldathletics.org/athletes/qatar/ysser-jamal-mohamed-15091219,2005,"600 Metres, 800 Metres"
Salman Mohamed MOHAMED,15081818,https://worldathletics.org/athletes/qatar/mohamed-salman-al-shaaeir-15081818,2009,Pole Vault
Ahmed Abdulah Jad Alsaeed ABDULLAH,15157319,https://worldathletics.org/athletes/qatar/ahmed-abdulah-jad-alsaeed-abdullah-15157319,,800 Metres
Farah IBRAHIM,14344027,https://worldathletics.org/athletes/qatar/farah-ibrahim-014344027,1974-08-22 00:00:00,"800 Metres, 4x400 Metres Relay"
Amer MOHAMED ALI,15006987,https://worldathletics.org/athletes/qatar/amer-mohamed-ali-15006987,2004,"60 Metres, 100 Metres"
Ismael Mohamed YOUSSEF,14353753,https://worldathletics.org/athletes/qatar/ismael-mohamed-youssef-014353753,1967-08-10 00:00:00,"800 Metres, 4x400 Metres Relay"
Abdul Aziz Nasser AL-RIYAMI,14219026,https://worldathletics.org/athletes/qatar/nasser-meziane-brahimi-014219026,1984,"110m Hurdles (91.4cm), 110 Metres Hurdles, 60 Metres Hurdles"
Badreldin HAYDAR ABDALLAH,15086773,https://worldathletics.org/athletes/qatar/badreldin-haydar-abdallah-15086773,2004-07-29 00:00:00,800 Metres
Adam Ali MUSAB,14478763,https://worldathletics.org/athletes/qatar/adam-ali-musab-14478763,1995-04-17 00:00:00,"1500 Metres, 800 Metres, 3000 Metres Steeplechase"
Ahmed Amgad EL SEIFY,14480232,https://worldathletics.org/athletes/qatar/ahmed-amgad-el-seify-14480232,1996-10-01 00:00:00,"Hammer Throw (5kg), Hammer Throw, Hammer Throw (6kg)"
Hayder AL-YASIRI,14936506,https://worldathletics.org/athletes/qatar/hayder-al-yasiri-014936506,2003-03-23 00:00:00,400 Metres
Ramzi AHMED SALEH,15081831,https://worldathletics.org/athletes/qatar/ramzi-ahmed-saleh-15081831,,"10,000 Metres Race Walk, 10,000 Metres"
Talal MANSOUR,14219066,https://worldathletics.org/athletes/qatar/talal-mansour-014219066,1964-05-08 00:00:00,"60 Metres, 100 Metres, 200 Metres"
Tosin OGUNODE,14628563,https://worldathletics.org/athletes/qatar/tosin-ogunode-14628563,1994-03-02 00:00:00,"60 Metres, 100 Metres, 200 Metres"
Ammar MAHMOUD AL-ABSI,15081825,https://worldathletics.org/athletes/qatar/ammar-mahmoud-al-absi-15081825,,"Hammer Throw (6kg), Hammer Throw"
Nayef Mubarak AL-RASHIDI,14972122,https://worldathletics.org/athletes/qatar/nayef-mubarak-al-rashidi-14972122,2004-01-25 00:00:00,"110m Hurdles (91.4cm), 110m Hurdles (99.0cm), 100 Metres"
Mohammed AL-YAFEE,15196727,https://worldathletics.org/athletes/qatar/mohammed-al-yafee-15196727,,"4x400 Metres Relay Short Track, 800 Metres Short Track, 400 Metres Short Track"
Mahmoud MOUSSA,14987972,https://worldathletics.org/athletes/qatar/mahmoud-moussa-14987972,,"400 Metres Hurdles, 110m Hurdles (91.4cm)"
Abdalla EL-KHAIR,15030861,https://worldathletics.org/athletes/qatar/abdalla-el-khair-15030861,,"800 Metres, 1500 Metres"
Khalil BEDOUI,14744993,https://worldathletics.org/athletes/qatar/khalil-bedoui-14744993,2000-06-03 00:00:00,"Hammer Throw (5kg), Hammer Throw, Hammer Throw (6kg)"
Abdussalam Mashood ABDULQADIR,15210626,https://worldathletics.org/athletes/qatar/abdussalam-mashood-abdulqadir-15210626,2005-10-06 00:00:00,60 Metres
Owaab BARROW,14758578,https://worldathletics.org/athletes/qatar/owaab-barrow-14758578,2001-08-20 00:00:00,"110m Hurdles (91.4cm), 100 Metres, 110m Hurdles (99.0cm)"
Obeid Bahir MOHAMED,14988606,https://worldathletics.org/athletes/qatar/obeid-bahir-mohamed-14988606,2003,800 Metres
Yasir MOHAMED,15095830,https://worldathletics.org/athletes/qatar/yasir-jamal-mohamed-15095830,2005-05-30 00:00:00,800 Metres
Mazen ABDALMAGED,15172895,https://worldathletics.org/athletes/qatar/mazen-abdalmaged-15172895,,400 Metres
Musaeb Abdulrahman BALLA,14411825,https://worldathletics.org/athletes/qatar/musaeb-abdulrahman-balla-014411825,1989-03-19 00:00:00,"800 Metres Short Track, 800 Metres, 1500 Metres"
Qatar,14761213,https://worldathletics.org/athletes/qatar/abdul-al-katar-014761213,2000,110m Hurdles (91.4cm)
Jamal HAIRANE,14493471,https://worldathletics.org/athletes/qatar/jamal-hairane-014493471,1993-05-26 00:00:00,"800 Metres, 1500 Metres, 800 Metres Short Track"
Sulaiman Mukhtar Ibrahim SULAMAN,14935163,https://worldathletics.org/athletes/qatar/sulaiman-mukhtar-ibrahim-sulaman-14935163,2004-07-16 00:00:00,"60 Metres, 100 Metres, 400 Metres"
Ismail Doudai ABAKAR,14973411,https://worldathletics.org/athletes/qatar/ismail-doudai-abakar-14973411,2004-01-01 00:00:00,"400 Metres Hurdles, 400 Metres, 4x400 Metres Relay"
Mohammed Mounir ABDALSLAM,15140409,https://worldathletics.org/athletes/qatar/mohammed-mounir-abdalslam-15140409,2003-11-06 00:00:00,"Long Jump, 100 Metres"
Mohammed Saeed ISMALIL EBADULLAH SAAD,15107916,https://worldathletics.org/athletes/qatar/mohammed-saeed-ismalil-ebadullah-saad-15107916,,High Jump
Mohamed Moussa ABDULRAHMAN,14218971,https://worldathletics.org/athletes/qatar/mohamed-moussa-abdulrahman-014218971,1985-10-28 00:00:00,"4x400 Metres Relay, 400 Metres"
Ammar AHMED,15030859,https://worldathletics.org/athletes/qatar/ammar-ahmed-15030859,2000,Long Jump
Wael HAIBA,15090609,https://worldathletics.org/athletes/qatar/wael-haiba-15090609,,800 Metres
Muhand Khamis SAIFELDIN,14714519,https://worldathletics.org/athletes/qatar/muhand-khamis-saifeldin-014714519,1999-01-13 00:00:00,"400 Metres Hurdles, 1500 Metres, 3000 Metres Steeplechase"
Basil BAKINIGBA,15198335,https://worldathletics.org/athletes/qatar/basil-bakinigba-15198335,2009-07-01 00:00:00,60 Metres
Ahmed Bader MAGOUR,14709346,https://worldathletics.org/athletes/qatar/ahmed-bader-magour-14709346,1996-03-03 00:00:00,Javelin Throw
Ahmed Kamal Ali Mahdi SABEEL,15157335,https://worldathletics.org/athletes/qatar/ahmed-kamal-ali-mahdi-sabeel-15157335,,Long Jump
Mohammed Naseeruddin ADBULMAJID ISMAIL GHARAFA,15107915,https://worldathletics.org/athletes/qatar/mohammed-naseeruddin-adbulmajid-ismail-gharafa-15107915,,High Jump
Suliman LATIF,14953421,https://worldathletics.org/athletes/qatar/suliman-latif-014953421,2004-01-28 00:00:00,100 Metres
Jassim Tiamiu JUMAAH,15154343,https://worldathletics.org/athletes/qatar/jassim-tiamiu-jumaah-15154343,2009-11-09 00:00:00,"60 Metres, 100 Metres, 200 Metres"
Saeed Othman ALABSI,14858573,https://worldathletics.org/athletes/qatar/saeed-othman-alabsi-14858573,2002-04-02 00:00:00,"110m Hurdles (99.0cm), 110 Metres Hurdles, 60 Metres Hurdles"
El Hafez MAHADI,14973856,https://worldathletics.org/athletes/qatar/el-hafez-mahadi-14973856,2002-10-17 00:00:00,"Distance Medley Relay Short Track, 800 Metres, 800 Metres Short Track"
Mahamat Bechir HASSAN ABDRAHMAN,15172147,https://worldathletics.org/athletes/qatar/mahamat-bechir-hassan-abdrahman-15172147,2008-06-13 00:00:00,High Jump
Mabrook SALEH NASSER,14219098,https://worldathletics.org/athletes/qatar/mabrook-saleh-nasser-014219098,1983-04-23 00:00:00,"20 Kilometres Race Walk, 10,000 Metres Race Walk, 10 Kilometres Race Walk"
Abdelgadir ELTAYEB,15140412,https://worldathletics.org/athletes/qatar/abdelgadir-eltayeb-15140412,2004-09-30 00:00:00,"High Jump, Long Jump"
Lazaro MARTINEZ,15136846,https://worldathletics.org/athletes/qatar/lazaro-martinez-15136846,2004-01-04 00:00:00,"60 Metres, 100 Metres, 200 Metres"
Mohamed EL ALAMI,14953834,https://worldathletics.org/athletes/qatar/mohamed-el-alami-14953834,2004-08-02 00:00:00,"1500 Metres, 5 Kilometres"
Jaber Ali R A AL-JALAHMA,15049540,https://worldathletics.org/athletes/qatar/jaber-ali-r-a-al-jalahma-15049540,2005-02-06 00:00:00,Long Jump
Ismail Mohamed HASSAN QASSIM,14546890,https://worldathletics.org/athletes/qatar/ismail-mohamed-hassan-qassim-014546890,,"Shot Put, Hammer Throw"
Bashair Obaid AL MANWARI,14666915,https://worldathletics.org/athletes/qatar/bashair-obaid-al-manwari-14666915,1997-03-13 00:00:00,"4x100 Metres Relay, Long Jump, 100 Metres"
Abdelaziz MOHAMED,14847154,https://worldathletics.org/athletes/qatar/abdelaziz-mohamed-014847154,2001-10-20 00:00:00,"200 Metres, 100 Metres, 4x100 Metres Relay"
Mohamed NAsreldin Abdulmajid ISMAIL,15157337,https://worldathletics.org/athletes/qatar/mohamed-nasreldin-abdulmajid-ismail-15157337,2005,High Jump
Hamza SOUSSI,14884239,https://worldathletics.org/athletes/qatar/hamza-soussi-014884239,2002-04-28 00:00:00,"Shot Put (5kg), Shot Put (6kg), Shot Put"
Mohamed Saeed Mahmoud Makki MAHMOUD,15157334,https://worldathletics.org/athletes/qatar/mohamed-saeed-mahmoud-makki-mahmoud-15157334,,Shot Put
Jassim JUMAAH,15154343,https://worldathletics.org/athletes/qatar/jassim-tiamiu-jumaah-15154343,2009-11-09 00:00:00,"60 Metres, 100 Metres, 200 Metres"
Abdeilmajid ZAKARIA,14953419,https://worldathletics.org/athletes/qatar/abdeilmajid-zakaria-14953419,2003-11-21 00:00:00,"4x400 Metres Relay, 100 Metres, 400 Metres"
Mohamed AL-YAFAEE,15030863,https://worldathletics.org/athletes/qatar/mohamed-al-yafaee-15030863,,"800 Metres, 4x400 Metres Relay, 1000 Metres Short Track"
Ibrahim Gassan RAKINAN,15210628,https://worldathletics.org/athletes/qatar/ibrahim-gassan-rakinan-15210628,2007-10-24 00:00:00,High Jump
Ali Sami HASSAN,15140389,https://worldathletics.org/athletes/qatar/ali-sami-hassan-15140389,2007-05-23 00:00:00,"100 Metres, 200 Metres, Decathlon Boys"
Haidar Islam KHOUCHA,15210627,https://worldathletics.org/athletes/qatar/haidar-islam-khoucha-15210627,2007-07-22 00:00:00,High Jump
Ismail BABAKER,14953420,https://worldathletics.org/athletes/qatar/ismail-babaker-014953420,2004,400 Metres
Sarour Ahmad BAROUD,14218968,https://worldathletics.org/athletes/qatar/ahmad-hassan-abdullah-014218968,1981-04-04 00:00:00,"10,000 Metres, 5000 Metres, 3000 Metres"
Cecil DOSOO,15065944,https://worldathletics.org/athletes/qatar/cecil-dosoo-15065944,,Long Jump
Abdullah AL-HAWALI,15091216,https://worldathletics.org/athletes/qatar/abdullah-al-hawali-15091216,2007,1500 Metres
Mohammed Ghan AL-KUWARI,15069571,https://worldathletics.org/athletes/qatar/mohammed-ghan-al-kuwari-15069571,2007-03-02 00:00:00,"100 Metres, 60 Metres"
Abdellah SALECK,15091207,https://worldathletics.org/athletes/qatar/abdellah-saleck-15091207,1997,"200 Metres, 100 Metres"
Ahmed KHATER,15086776,https://worldathletics.org/athletes/qatar/ahmed-khater-15086776,2005,"150 Metres, 200 Metres"
Louie LOUIE,15187623,https://worldathletics.org/athletes/qatar/louie-louie-15187623,2008,"Long Jump, Triple Jump"
Suleiman Mukhtar IBRAHIM,14935163,https://worldathletics.org/athletes/qatar/sulaiman-mukhtar-ibrahim-sulaman-14935163,2004-07-16 00:00:00,"60 Metres, 100 Metres, 400 Metres"
Salah HAMAD,14953829,https://worldathletics.org/athletes/qatar/salah-hamad-014953829,2004-09-09 00:00:00,800 Metres
Mohamed Nasir ABBAS,14594797,https://worldathletics.org/athletes/qatar/mohamed-nasir-abbas-14594797,1996-01-01 00:00:00,"4x400 Metres Relay, 400 Metres, 800 Metres"
Imrane EL BOUZAGAOUI,14953830,https://worldathletics.org/athletes/qatar/imrane-el-bouzagaoui-14953830,2005-04-06 00:00:00,"800 Metres, 400 Metres, 4x400 Metres Relay"
Abdullah Othman MASOUD,15140388,https://worldathletics.org/athletes/qatar/abdullah-othman-masoud-15140388,2006-12-22 00:00:00,"60 Metres, 100 Metres, Decathlon U20"
Motazz BELAHBIB,15187622,https://worldathletics.org/athletes/qatar/motazz-belahbib-15187622,2008,Long Jump
Salah Nur Ismail YUNIS,15135764,https://worldathletics.org/athletes/qatar/salah-nur-ismail-yunis-15135764,2006-01-10 00:00:00,"200 Metres, 100 Metres"
Abubaker Haydar ABDALLA,14581680,https://worldathletics.org/athletes/qatar/abubaker-haydar-abdalla-14581680,1996-08-28 00:00:00,"800 Metres, 1500 Metres, 4x400 Metres Relay"
Mustafa FATHI,15091220,https://worldathletics.org/athletes/qatar/mustafa-fathi-15091220,2007,"600 Metres, 800 Metres"
Omer Ali SHANAN,15210629,https://worldathletics.org/athletes/qatar/omer-ali-shanan-15210629,2003-10-29 00:00:00,Pole Vault
Mahamat Abakar ABDRAHMAN,15039162,https://worldathletics.org/athletes/qatar/mahamat-abakar-abdrahman-15039162,2006-04-17 00:00:00,"300 Metres Hurdles (84.0cm), 400 Metres Hurdles, 400m hurdles (84.0cm)"
Abdalelah HAROUN,14686631,https://worldathletics.org/athletes/qatar/abdalelah-haroun-014686631,1997-01-01 00:00:00,"400 Metres, 400 Metres Short Track, 4x400 Metres Relay"
Vehd SALECK,15091208,https://worldathletics.org/athletes/qatar/vehd-saleck-15091208,1999,400 Metres
Zakaria ABDULLAH IBRAHIM,15177780,https://worldathletics.org/athletes/qatar/zakaria-abdullah-ibrahim-15177780,2007-02-05 00:00:00,Pole Vault
Omar SHERIF,14827984,https://worldathletics.org/athletes/qatar/omar-sherif-014827984,1999-11-01 00:00:00,"Shot Put (6kg), Shot Put, Discus Throw (1.750kg)"
Jabar KHAMIS,15137193,https://worldathletics.org/athletes/qatar/jabar-khamis-15137193,2007-10-04 00:00:00,"100 Metres, 200 Metres"
Saeed AL SAHOTI,14953416,https://worldathletics.org/athletes/qatar/saeed-al-sahoti-14953416,2004-10-04 00:00:00,"4x100 Metres Relay, 100 Metres, 110m Hurdles (91.4cm)"
Qais Mohammed MOHAMMED,15210630,https://worldathletics.org/athletes/qatar/qais-mohammed-mohammed-15210630,2011-01-21 00:00:00,Pole Vault
Hamad Khalifa AL-ABDULLAH,14858572,https://worldathletics.org/athletes/qatar/hamad-khalifa-al-abdullah-14858572,2002-08-05 00:00:00,"110m Hurdles (91.4cm), 100 Metres"
Mohamed SALMAN AL-SHAAEIR,15081818,https://worldathletics.org/athletes/qatar/mohamed-salman-al-shaaeir-15081818,2009,Pole Vault
Sultan Abdulla AL-NOUBI,15089243,https://worldathletics.org/athletes/qatar/mubarak-abdulla-al-noubi-15089243,2006-03-14 00:00:00,"60m Hurdles (91.4cm), 110m Hurdles (99.0cm), 110m Hurdles (91.4cm)"
Elbraa Hossam Salaheldin HASSAN,15140390,https://worldathletics.org/athletes/qatar/elbraa-hossam-salaheldin-hassan-15140390,2007-01-06 00:00:00,"110m Hurdles (91.4cm), 400 Metres, Decathlon Boys"
Mohamed ALY NOUFAL,15081820,https://worldathletics.org/athletes/qatar/mohamed-aly-noufal-15081820,2005-08-14 00:00:00,"Triple Jump, Long Jump"
Hassan Firas ALFAYSALI,15143618,https://worldathletics.org/athletes/qatar/hassan-firas-alfaysali-15143618,2007-06-16 00:00:00,"200 Metres, 100 Metres"
Zead Hazem ABDELSALAM,15143620,https://worldathletics.org/athletes/qatar/zead-hazem-abdelsalam-15143620,2007-06-07 00:00:00,110m Hurdles (91.4cm)
Mohammed Bader AL-ALI,14886717,https://worldathletics.org/athletes/qatar/mohammed-bader-al-ali-014886717,2003,"200 Metres, 100 Metres"
Aboubakar IDRISS,15154344,https://worldathletics.org/athletes/qatar/aboubakar-idriss-15154344,2009-09-15 00:00:00,"60m Hurdles (91.4cm), 110m Hurdles (91.4cm), 100 Metres"
Mohammed AL RAEI,14896716,https://worldathletics.org/athletes/qatar/mohammed-al-raei-014896716,2001,100 Metres
Mohamed DJIBRIL A,15210633,https://worldathletics.org/athletes/qatar/mohamed-djibril-a-15210633,2003-05-13 00:00:00,Triple Jump
Souleymane FOULATA,15147855,https://worldathletics.org/athletes/qatar/souleymane-foulata-15147855,2006-10-16 00:00:00,110m Hurdles (99.0cm)
Mohamed LAMA SALEH,15108045,https://worldathletics.org/athletes/qatar/mohamed-lama-saleh-15108045,,100 Metres
Adolfo ALVAREZ,15147854,https://worldathletics.org/athletes/qatar/adolfo-alvarez-15147854,2007-07-25 00:00:00,"60m Hurdles (99.0cm), 110m Hurdles (91.4cm), 110m Hurdles (99.0cm)"
Idriss Moussa YOUSSOUF,14594979,https://worldathletics.org/athletes/qatar/idriss-moussa-youssouf-014594979,1997-01-01 00:00:00,"1500 Metres, 800 Metres, 5000 Metres"
Kitchi ABOUHOUREIRA,15140393,https://worldathletics.org/athletes/qatar/kitchi-abouhoureira-15140393,2007-03-07 00:00:00,"400 Metres, 100 Metres"
Yordan Luis MACEO VILAN,15203988,https://worldathletics.org/athletes/qatar/yordan-luis-maceo-vilan-15203988,,Triple Jump
Mahamat Abakar HISSEIN,15136845,https://worldathletics.org/athletes/qatar/mahamat-abakar-hissein-15136845,2008-02-28 00:00:00,110m Hurdles (91.4cm)
Yousuf Ossam ABDULGHAFFAR HAMID WAKRA,15107911,https://worldathletics.org/athletes/qatar/yousuf-ossam-abdulghaffar-hamid-wakra-15107911,,100 Metres
Bashir Mohamed MOHAMED,15210632,https://worldathletics.org/athletes/qatar/bashir-mohamed-mohamed-15210632,1995-12-30 00:00:00,Triple Jump
Abdelrahman Moham KAMEL,15091186,https://worldathletics.org/athletes/qatar/abdelrahman-moham-kamel-15091186,2008-06-07 00:00:00,"60m Hurdles (91.4cm), 110m Hurdles (91.4cm), 100 Metres"
Amer MUHAMMAD ALI,15136847,https://worldathletics.org/athletes/qatar/amer-muhammad-ali-15136847,2004-04-21 00:00:00,"100 Metres, 200 Metres"
Khalid KABOOR TAWFI,15108044,https://worldathletics.org/athletes/qatar/khalid-kaboor-tawfi-15108044,,100 Metres
Heriberto ALFONSO PLANCHE,15210631,https://worldathletics.org/athletes/qatar/heriberto-alfonso-planche-15210631,2006-11-23 00:00:00,Triple Jump
Khalifa MADHINI KUMAR,15081813,https://worldathletics.org/athletes/qatar/khalifa-madhini-kumar-15081813,2005-12-31 00:00:00,110m Hurdles (99.0cm)
Saleh Badr AL-SAHOTI,15091200,https://worldathletics.org/athletes/qatar/saleh-badr-al-sahoti-15091200,2009-10-14 00:00:00,"60m Hurdles (91.4cm), 60 Metres"
Ayad Abdulrahman KAMAL MASILINI AHLI,14219053,https://worldathletics.org/athletes/qatar/abubaker-ali-kamal-014219053,1983-11-08 00:00:00,"4x800 Metres Relay, 1500 Metres, 3000 Metres Steeplechase"
Mohammed AL RADEI,14896718,https://worldathletics.org/athletes/qatar/mohammed-al-radei-014896718,,800 Metres
Jaber Hilal AL MAMARI,14761212,https://worldathletics.org/athletes/qatar/jaber-hilal-al-mamari-014761212,2001-08-15 00:00:00,"4x100 Metres Relay, 100 Metres, 200 Metres"
Dana Noor SALEM,15210621,https://worldathletics.org/athletes/qatar/dana-noor-salem-15210621,2009-10-07 00:00:00,60 Metres
Adam ABDALLAH,15134012,https://worldathletics.org/athletes/qatar/absakine-adam-abdallah-15134012,2006-01-26 00:00:00,"400 Metres, 110m Hurdles (99.0cm), 200 Metres"
Mohammed Bilal ALHARASI,15091203,https://worldathletics.org/athletes/qatar/mohammed-bilal-alharasi-15091203,2009-01-29 00:00:00,High Jump
Abdulqadir FAISAL MASOUD AL ALWANI,15108053,https://worldathletics.org/athletes/qatar/abdulqadir-faisal-masoud-al-alwani-15108053,,3000 Metres Steeplechase
Achmed RAHMATAALAH,14896720,https://worldathletics.org/athletes/qatar/achmed-rahmataalah-014896720,,800 Metres
Bakhita Jamal Saber MARISIO,15210623,https://worldathletics.org/athletes/qatar/bakhita-jamal-saber-marisio-15210623,2006-09-04 00:00:00,60 Metres
Mohammad SHEHADAT,15143621,https://worldathletics.org/athletes/qatar/mohammad-shehadat-15143621,2007-02-24 00:00:00,110m Hurdles (91.4cm)
Hamad HASSAN,15158845,https://worldathletics.org/athletes/qatar/hamad-hassan-15158845,2004-03-14 00:00:00,110m Hurdles (99.0cm)
Mohammed Hussain MAHMOUD SAAD,15108055,https://worldathletics.org/athletes/qatar/mohammed-hussain-mahmoudsaad-15108055,,3000 Metres Steeplechase
Mohamed BAJAH,14896721,https://worldathletics.org/athletes/qatar/mohamed-bajah-014896721,,800 Metres
Mashaal ALI,15086777,https://worldathletics.org/athletes/qatar/mashaal-ali-15086777,2007,Pole Vault
Naima Agnes KHAMIS,15210618,https://worldathletics.org/athletes/qatar/naima-agnes-khamis-15210618,2006-06-03 00:00:00,60 Metres
Alnour Mostafa AHMED,15076372,https://worldathletics.org/athletes/qatar/alnour-mostafa-ahmed-15076372,2005-07-05 00:00:00,400 Metres
Azaruddin HASSAN JAMA IDREES,15108054,https://worldathletics.org/athletes/qatar/azaruddin-hassan-jama-idrees-15108054,,3000 Metres Steeplechase
Kenza SOSSE,14893167,https://worldathletics.org/athletes/qatar/kenza-sosse-014893167,1999-11-10 00:00:00,"400 Metres Hurdles, 400 Metres, High Jump"
Ali MOHAMMED,14886717,https://worldathletics.org/athletes/qatar/mohammed-bader-al-ali-014886717,2003,"200 Metres, 100 Metres"
Yoao PUENTES,15135759,https://worldathletics.org/athletes/qatar/yoao-puentes-15135759,2002-02-28 00:00:00,"400 Metres, 300 Metres"
Osama MOHAMED,15143636,https://worldathletics.org/athletes/qatar/osama-mohamed-15143636,2007-10-24 00:00:00,"400 Metres, 200 Metres, 60 Metres"
Alexandra HUDACEKOVA,15205939,https://worldathletics.org/athletes/qatar/alexandra-hudacekova-15205939,2010-05-15 00:00:00,60 Metres
Celine Adwoa Konadu ACHEAMPONG,15210624,https://worldathletics.org/athletes/qatar/celine-adwoa-konadu-acheampong-15210624,2010-06-21 00:00:00,60 Metres
Abdul Aziz SALEM,14846312,https://worldathletics.org/athletes/qatar/abdul-aziz-salem-014846312,2001-10-20 00:00:00,"400 Metres, 100 Metres"
Abdulrahman MOHAMED ABUBAKER,15108051,https://worldathletics.org/athletes/qatar/abdulrahman-mohamed-abubaker-15108051,,400 Metres Hurdles
Abderrahmane HOUAM,15090431,https://worldathletics.org/athletes/qatar/abderrahmane-houam-15090431,2007-04-25 00:00:00,"3000 Metres, 1500 Metres, 2000 Metres Steeplechase (84cm)"
Abdelghafour HOUAM,15090430,https://worldathletics.org/athletes/qatar/abdelghafour-houam-15090430,2007-04-25 00:00:00,"1500 Metres, 2000 Metres Steeplechase (84cm), 3000 Metres"
Abdelmageed DAGGU,15029272,https://worldathletics.org/athletes/qatar/abdelmageed-daggu-15029272,1998,"400 Metres, 60 Metres, 100 Metres"
Sameer Mohamed AHMED AL YAFEI RAYYAN,15108023,https://worldathletics.org/athletes/qatar/sameer-mohamed-ahmed-al-yafei-rayyan-15108023,,800 Metres
Mohamed Ahmed AL MANNAI,14375309,https://worldathletics.org/athletes/qatar/mohamed-ahmed-al-mannai-014375309,1992-09-12 00:00:00,"Octathlon Boys, Long Jump, Decathlon"
Marley Cheyenne MORRIS,15210617,https://worldathletics.org/athletes/qatar/marley-cheyenne-morris-15210617,2008-04-08 00:00:00,60 Metres
Ashraf EL HARRAR,15081811,https://worldathletics.org/athletes/qatar/ashraf-el-harrar-15081811,2005,1500 Metres
Ahmad AL HAJ,14805955,https://worldathletics.org/athletes/qatar/ahmad-al-haj-014805955,2001-08-20 00:00:00,"Discus Throw (1.500kg), Discus Throw (1.750kg), Discus Throw"
Abdulla Tarek ALY,14886772,https://worldathletics.org/athletes/qatar/abdulla-tarek-aly-014886772,2002-12-10 00:00:00,"Hammer Throw (6kg), Hammer Throw (5kg), Shot Put (6kg)"
Asim BKHIT,15158848,https://worldathletics.org/athletes/qatar/asim-bkhit-15158848,1998,400 Metres
Rania ALNAJI,14817908,https://worldathletics.org/athletes/qatar/rania-alnaji-014817908,2000-08-29 00:00:00,"Hammer Throw, Hammer Throw (3kg)"
Muafak ABDULMINAEM FAKI AL KAZI ARABI,15108022,https://worldathletics.org/athletes/qatar/muafak-abdulminaem-faki-al-kaziarabi-15108022,,800 Metres
Noa MUNOZ SANCHEZ,15210616,https://worldathletics.org/athletes/qatar/noa-munoz-sanchez-15210616,2008-10-25 00:00:00,60 Metres
Kamal TALIB,15140398,https://worldathletics.org/athletes/qatar/kamal-talib-15140398,2008-06-15 00:00:00,"800 Metres, 1500 Metres"
Oussama ELHARISSE,15143632,https://worldathletics.org/athletes/qatar/oussama-elharisse-15143632,2007,"800 Metres, 1500 Metres"
Said ADEN,14721107,https://worldathletics.org/athletes/qatar/said-aden-014721107,1993,"1500 Metres Short Track, 800 Metres, 1500 Metres"
Zienat ATIF,14219103,https://worldathletics.org/athletes/qatar/saif-saaeed-shaheen-014219103,1982-10-15 00:00:00,"3000 Metres Steeplechase, 1500 Metres, 5000 Metres"
Souleyman SEKOU,15080916,https://worldathletics.org/athletes/qatar/souleyman-sekou-15080916,2006-10-16 00:00:00,"110m Hurdles (91.4cm), 100 Metres, Decathlon U20"
Hussain MAMOON HABOU AHLI,15108049,https://worldathletics.org/athletes/qatar/hussain-mamoon-habou-ahli-15108049,2004-08-04 00:00:00,"400 Metres, 200 Metres"
Awatif Sabah ABDULRAHMAN,15210622,https://worldathletics.org/athletes/qatar/awatif-sabah-abdulrahman-15210622,2007-08-18 00:00:00,60 Metres
Jamal Bilal SALEM,14219099,https://worldathletics.org/athletes/qatar/jamal-bilal-salem-014219099,1978-09-12 00:00:00,"3000 Metres, 3000 Metres Steeplechase, 5000 Metres"
Wail ALLOU,15140399,https://worldathletics.org/athletes/qatar/wail-allou-15140399,2007-06-20 00:00:00,1500 Metres
Abdenour ESSALEHY,15140400,https://worldathletics.org/athletes/qatar/abdenour-essalehy-15140400,2008-06-30 00:00:00,1500 Metres
Samer Ismail ISMAIL,15158847,https://worldathletics.org/athletes/qatar/samer-ismail-ismail-15158847,2008-07-06 00:00:00,800 Metres
Mohamed EL NOUR,14579995,https://worldathletics.org/athletes/qatar/mohamed-el-nour-014579995,1996-03-18 00:00:00,"4x400 Metres Relay, 400 Metres, 800 Metres"
Abdelghafor KABBAD,15143634,https://worldathletics.org/athletes/qatar/abdelghafor-kabbad-15143634,2008-03-16 00:00:00,"2000 Metres Steeplechase, 3000 Metres Steeplechase, 800 Metres"
Ali Thamer KAMAL,14219054,https://worldathletics.org/athletes/qatar/ali-thamer-kamal-014219054,1988-11-12 00:00:00,"2000 Metres Steeplechase, 3000 Metres Steeplechase, 1500 Metres"
Fawziyah Afoke MANSOOR,15210620,https://worldathletics.org/athletes/qatar/fawziyah-afoke-mansoor-15210620,2001-07-04 00:00:00,60 Metres
Abdulrahman MOHAMED OBRAHIM ABSI,15081826,https://worldathletics.org/athletes/qatar/abdulrahman-mohamed-obrahim-absi-15081826,,"Hammer Throw, Hammer Throw (6kg)"
Mufid MOHAMMED,15143635,https://worldathletics.org/athletes/qatar/mufid-mohammed-15143635,2006-07-17 00:00:00,2000 Metres Steeplechase
Ahmed Faisal SULEIMAN MOHAMED,14793669,https://worldathletics.org/athletes/qatar/ahmed-faisal-suleiman-mohamed-014793669,1999-01-20 00:00:00,"Triple Jump, Long Jump"
Othmane DANI,14953832,https://worldathletics.org/athletes/qatar/othmane-dani-14953832,2004-06-06 00:00:00,"1500 Metres, 800 Metres, 1500 Metres Short Track"
Rashid Ahmed AL MANNAI,14218999,https://worldathletics.org/athletes/qatar/rashid-ahmed-al-mannai-014218999,1988-06-18 00:00:00,"High Jump, Triple Jump, 200 Metres Short Track"
Yasir Jamal MOHAMED,15095830,https://worldathletics.org/athletes/qatar/yasir-jamal-mohamed-15095830,2005-05-30 00:00:00,800 Metres
Sara Shams ALI,15210619,https://worldathletics.org/athletes/qatar/sara-shams-ali-15210619,2005-11-05 00:00:00,60 Metres
Hicham TARFAOUI,15140397,https://worldathletics.org/athletes/qatar/hicham-tarfaoui-15140397,2008-02-15 00:00:00,800 Metres
Moaz Muhamed SABER,14758678,https://worldathletics.org/athletes/qatar/moaz-muhamed-saber-014758678,1999,"Discus Throw (1.500kg), Discus Throw (1.750kg), Shot Put (6kg)"
Muayad Mohd AHMED,14375497,https://worldathletics.org/athletes/qatar/muayad-mohd-ahmed-014375497,1993-06-12 00:00:00,"800 Metres, 800 Metres Short Track"
Dawoud Ismail IBRAHIM ARMADI SAAD,15108050,https://worldathletics.org/athletes/qatar/dawoud-ismail-ibrahim-armadi-saad-15108050,2006,"400 Metres, 800 Metres"
Khala Ngare MAHAMAT,15203982,https://worldathletics.org/athletes/qatar/khala-ngare-mahamat-15203982,,"400 Metres, 400 Metres Hurdles"
Mustafa BASHIR,15090610,https://worldathletics.org/athletes/qatar/mustafa-bashir-15090610,2007-12-06 00:00:00,800 Metres
Mohamed Khamis SAIFELDIN,14791049,https://worldathletics.org/athletes/qatar/mohamed-khamis-saifeldin-014791049,1999-01-13 00:00:00,"800 Metres, 1500 Metres, 800 Metres Short Track"
Jasim Majid GUM ADEKDEK,15203981,https://worldathletics.org/athletes/qatar/jasim-majid-gum-adekdek-15203981,,400 Metres
Abubakr Omer MADEBO,14219062,https://worldathletics.org/athletes/qatar/abubakr-omer-madebo-014219062,1992,"800 Metres, 400 Metres, Medley Relay"
Tamet RAMADAN,15158846,https://worldathletics.org/athletes/qatar/tamet-ramadan-15158846,2007,800 Metres
Mubarik Abdi SAID,15140395,https://worldathletics.org/athletes/qatar/mubarik-abdi-said-15140395,2008-05-02 00:00:00,800 Metres
Hassane RAMADAN,15203977,https://worldathletics.org/athletes/qatar/hassane-ramadan-15203977,,"400 Metres Hurdles, 400 Metres"
Musa Abdalla ALI ABDELGADIR,15203984,https://worldathletics.org/athletes/qatar/musa-abdalla-ali-abdelgadir-15203984,,High Jump
Abdul Rahman AL‚ÄêKHATER,14817675,https://worldathletics.org/athletes/qatar/abdul-rahman-alkhater-014817675,2000-06-25 00:00:00,"100 Metres, 200 Metres"
Hamza SAIFI,15091214,https://worldathletics.org/athletes/qatar/hamza-saifi-15091214,2007-04-17 00:00:00,"1500 Metres, 800 Metres, 1000 Metres"
Youssef EL MALYANI,15091213,https://worldathletics.org/athletes/qatar/youssef-el-malyani-15091213,2006-05-08 00:00:00,"1000 Metres, 800 Metres, 1500 Metres"
Mohammad A. M. ALMUGHANNI,15203985,https://worldathletics.org/athletes/qatar/mohammad-a-m-almughanni-15203985,,High Jump
Sultan Khamis ZAMAN,14219130,https://worldathletics.org/athletes/qatar/sultan-khamis-zaman-14219130,1985-07-23 00:00:00,"5000 Metres, 3000 Metres, 1500 Metres"
Mohd Waleed AL JASSIM,14375435,https://worldathletics.org/athletes/qatar/mohd-waleed-al-jassim-014375435,1992-10-26 00:00:00,"Medley Relay, 100 Metres"
Muwafaq AL-GADI,15086774,https://worldathletics.org/athletes/qatar/muwafaq-al-gadi-15086774,2007-05-17 00:00:00,800 Metres
Mohamed IBRAHIM KAIDA,14445114,https://worldathletics.org/athletes/qatar/mohamed-ibrahim-kaida-014445114,1992-03-21 00:00:00,"Javelin Throw, Javelin Throw (700g)"
Mohamed Adel ELTOUM,15187624,https://worldathletics.org/athletes/qatar/mohamed-adel-eltoum-15187624,2009,Long Jump
Djibrine Adoum AHMAT,15007014,https://worldathletics.org/athletes/qatar/djibrine-adoum-ahmat-15007014,2005-04-15 00:00:00,"Discus Throw (1.750kg), Shot Put (6kg), Discus Throw"
Saoud AL HUMAIDI,14755979,https://worldathletics.org/athletes/qatar/saoud-al-humaidi-014755979,2000-06-21 00:00:00,"110m Hurdles (91.4cm), 200 Metres, 110m Hurdles (99.0cm)"
Mohamed Badr OSMAN,15143626,https://worldathletics.org/athletes/qatar/mohamed-badr-osman-15143626,2008-05-03 00:00:00,800 Metres
Ahmed Mohamed DHEEB,14219001,https://worldathletics.org/athletes/qatar/ahmed-mohamed-dheeb-014219001,1985-09-29 00:00:00,"Discus Throw, Shot Put"
Idriss Djibren MAHAMAT ABDEI,15203983,https://worldathletics.org/athletes/qatar/idriss-djibren-mahamat-abdei-15203983,,400 Metres
Thamir Nasser THANI,14330022,https://worldathletics.org/athletes/qatar/thamir-nasser-thani-014330022,1989-05-19 00:00:00,"100 Metres, 60 Metres, 200 Metres"
Musa Amer OBAID,14219084,https://worldathletics.org/athletes/qatar/musa-amer-obaid-014219084,1985-04-18 00:00:00,"3000 Metres Steeplechase, 3000 Metres, 10,000 Metres"
Daham Najim BASHIR,14219024,https://worldathletics.org/athletes/qatar/daham-najim-bashir-014219024,1979-11-08 00:00:00,"1500 Metres, 3000 Metres, 1500 Metres Short Track"
Muamer Aissa BARSHAM,14479998,https://worldathletics.org/athletes/qatar/muamer-aissa-barsham-014479998,1994-01-03 00:00:00,High Jump
Ehab Ahmed DHEEB MOHAMED,14219001,https://worldathletics.org/athletes/qatar/ahmed-mohamed-dheeb-014219001,1985-09-29 00:00:00,"Discus Throw, Shot Put"
Mahamat GUEME,15027462,https://worldathletics.org/athletes/qatar/mahamat-gueme-15027462,2007-03-17 00:00:00,"Discus Throw (1.500kg), Discus Throw (1.750kg)"
Adoum Abdoulaye AHMAD,15187625,https://worldathletics.org/athletes/qatar/adoum-abdoulaye-ahmad-15187625,2008,Long Jump
Nasser Jamal NASSER,14219082,https://worldathletics.org/athletes/qatar/nasser-jamal-nasser-014219082,1988-11-19 00:00:00,"10,000 Metres, 5000 Metres, 3000 Metres"
Hashim Mohamed SALAH,14423995,https://worldathletics.org/athletes/qatar/hashim-mohamed-salah-014423995,1994-04-15 00:00:00,"4x1500 Metres Relay, 1500 Metres, 3000 Metres Steeplechase"
Shafie Sharded YUSUF,15030862,https://worldathletics.org/athletes/qatar/shafie-sharded-yusuf-15030862,2005-10-14 00:00:00,"800 Metres, 1500 Metres, 3000 Metres"
Albaraa Fahad AL-MALKI,15204019,https://worldathletics.org/athletes/qatar/albaraa-fahad-al-malki-15204019,,Long Jump
Ammar ELABSY,14973859,https://worldathletics.org/athletes/qatar/ammar-elabsy-14973859,2004-10-10 00:00:00,"Hammer Throw, Hammer Throw (5kg), Hammer Throw (6kg)"
Gamal Abdelnasir ABUBAKER,14493456,https://worldathletics.org/athletes/qatar/gamal-abdelnasir-abubaker-014493456,1993-01-01 00:00:00,"4x400 Metres Relay, 400 Metres Hurdles, 400 Metres"
Brahim Hassan ABDOULKARIM,15143623,https://worldathletics.org/athletes/qatar/brahim-hassan-abdoulkarim-15143623,2007-10-05 00:00:00,Discus Throw (1.500kg)
Abdul Basit SEIDU,15172149,https://worldathletics.org/athletes/qatar/abdul-basit-seidu-15172149,2005-06-23 00:00:00,"60 Metres, Long Jump"
Yesyef Halefom BERHE,15140416,https://worldathletics.org/athletes/qatar/yesyef-halefom-berhe-15140416,2007-08-31 00:00:00,Discus Throw (1.500kg)
Mubarak Hassan SHAMI,14219104,https://worldathletics.org/athletes/qatar/mubarak-hassan-shami-014219104,1980-12-02 00:00:00,"Marathon, Half Marathon, 10 Kilometres"
Ibrahim Omar ABDI,14694178,https://worldathletics.org/athletes/qatar/ibrahim-omar-abdi-014694178,1996-04-16 00:00:00,"800 Metres, U20 Race"
Taha HASSAN,15140417,https://worldathletics.org/athletes/qatar/taha-hassan-15140417,2007-02-01 00:00:00,Javelin Throw (700g)
Sanar RIDHA,15042640,https://worldathletics.org/athletes/qatar/sanar-ridha-15042640,2003-05-26 00:00:00,"Pole Vault, Heptathlon"
Oumar Haroun ABDALLAH,15140394,https://worldathletics.org/athletes/qatar/oumar-haroun-abdallah-15140394,2007-01-30 00:00:00,Shot Put (5kg)
Mohamed Elnazir RAMADAN,14594917,https://worldathletics.org/athletes/qatar/mohamed-elnazir-ramadan-014594917,1996-07-07 00:00:00,"2000 Metres Steeplechase, U20 Race"
Ilyas LOURATE,15143627,https://worldathletics.org/athletes/qatar/ilyas-lourate-15143627,2005-05-25 00:00:00,800 Metres
Moustafa Ahmed SHEBTO,14219106,https://worldathletics.org/athletes/qatar/moustafa-ahmed-shebto-014219106,1986-07-04 00:00:00,"3000 Metres Steeplechase, Half Marathon, 3000 Metres"
Charles Bett KOECH,14219060,https://worldathletics.org/athletes/qatar/charles-bett-koech-014219060,1983-07-27 00:00:00,"10 Kilometres, 5000 Metres, 10,000 Metres"
Seifeldin Yousry SEIFELDIN,15198334,https://worldathletics.org/athletes/qatar/seifeldin-yousry-seifeldin-15198334,2007-09-30 00:00:00,60m Hurdles (99.0cm)
Dawood TET,15187627,https://worldathletics.org/athletes/qatar/dawood-tet-15187627,2009,High Jump
Mustafe MUHUMED,15140404,https://worldathletics.org/athletes/qatar/mustafe-muhumed-15140404,2005-02-10 00:00:00,1500 Metres
Ahmed JABER,14219050,https://worldathletics.org/athletes/qatar/ahmed-jaber-014219050,1983-12-29 00:00:00,"Half Marathon, Marathon, 10,000 Metres"
Sufiyan Ali NHIAL,15091212,https://worldathletics.org/athletes/qatar/sufiyan-ali-nhial-15091212,2004-10-20 00:00:00,"Long Jump, High Jump, Decathlon"
Abdulrahman AL DOSARI,14603265,https://worldathletics.org/athletes/qatar/abdulrahman-al-dosari-014603265,1997,"110m Hurdles (91.4cm), 110 Metres Hurdles, 4x100 Metres Relay"
Youssef OTHMAN QADER,14219087,https://worldathletics.org/athletes/qatar/youssef-othman-qader-014219087,1985-04-05 00:00:00,"Half Marathon, Marathon, 1500 Metres"
Mousa ABDELGADIR,15187626,https://worldathletics.org/athletes/qatar/mousa-abdelgadir-15187626,2008,High Jump
Hamse Haibe ADAM,15105802,https://worldathletics.org/athletes/qatar/hamse-haibe-adam-15105802,2006-05-27 00:00:00,"1500 Metres, 3000 Metres, 5000 Metres"
Khalil AL-MUFTAH,14219077,https://worldathletics.org/athletes/qatar/saad-muftah-mubarak-al-kuwari-014219077,1964-03-28 00:00:00,"4x100 Metres Relay, 100 Metres, 200 Metres"
Nasser SHAMS KAREEM,14219105,https://worldathletics.org/athletes/qatar/nasser-shams-kareem-014219105,1986-01-30 00:00:00,"4x800 Metres Relay, 1500 Metres, 3000 Metres Steeplechase"
Hamze Hassan ABDI,15158852,https://worldathletics.org/athletes/qatar/hamze-hassan-abdi-15158852,2003-12-01 00:00:00,1500 Metres
Kaddour NAILI,15140405,https://worldathletics.org/athletes/qatar/kaddour-naili-15140405,2007-10-29 00:00:00,3000 Metres
Zeyad Mohamed HASSANEIN,15143625,https://worldathletics.org/athletes/qatar/zeyad-mohamed-hassanein-15143625,2008-10-03 00:00:00,Hammer Throw (5kg)
Mouhyadin DUCALE,14896719,https://worldathletics.org/athletes/qatar/mouhyadin-ducale-14896719,2001,"1500 Metres Short Track, 1500 Metres, 800 Metres"
Abdulrahman SULEIMAN,14219112,https://worldathletics.org/athletes/qatar/abdulrahman-suleiman-014219112,1984-01-10 00:00:00,"4x800 Metres Relay, 800 Metres, 1500 Metres"
Abdullah SWEAD GHANIM,14219117,https://worldathletics.org/athletes/qatar/abdullah-swead-ghanim-014219117,1976-04-02 00:00:00,Pole Vault
Mohamed Sayed MOHMOUD,15174113,https://worldathletics.org/athletes/qatar/mohamed-sayed-mohmoud-15174113,2005-08-02 00:00:00,Shot Put (6kg)
Ouail HIBA,15091215,https://worldathletics.org/athletes/qatar/ouail-hiba-15091215,2007,800 Metres
Nuradin Abdullahi ABDI,15158849,https://worldathletics.org/athletes/qatar/nuradin-abdullahi-abdi-15158849,2005-08-06 00:00:00,800 Metres
Jibrrel Rahmat KHAN,14219058,https://worldathletics.org/athletes/qatar/jibrrel-rahmat-khan-014219058,1990-01-07 00:00:00,"10,000 Metres Race Walk, 10 Kilometres Race Walk, 20 Kilometres Race Walk"
Mohammed Musa ABDULKARIM MUSA,15172119,https://worldathletics.org/athletes/qatar/mohammed-musa-abdulkarim-musa-15172119,2007-08-09 00:00:00,"200 Metres, 400 Metres"
Badia CAMARA,14594789,https://worldathletics.org/athletes/qatar/badia-camara-014594789,1997-10-06 00:00:00,"100 Metres Hurdles, 100 Metres, 100m Hurdles (76.2cm)"
Absakine Adam ABDALLAH,15134012,https://worldathletics.org/athletes/qatar/absakine-adam-abdallah-15134012,2006-01-26 00:00:00,"400 Metres, 110m Hurdles (99.0cm), 200 Metres"
Abdi IBRAHIM,14542776,https://worldathletics.org/athletes/qatar/abdi-ibrahim-014542776,,"800 Metres, 800 Metres Short Track"
Ibrahim Haydar ABDALLA,15086775,https://worldathletics.org/athletes/qatar/ibrahim-haydar-abdalla-15086775,2006-07-21 00:00:00,"4x800 Metres Relay Short Track, 800 Metres, 800 Metres Short Track"
Belmahdi MEHDI,15140396,https://worldathletics.org/athletes/qatar/belmahdi-mehdi-15140396,2008-05-31 00:00:00,800 Metres
Omar OUTICHOU,15140407,https://worldathletics.org/athletes/qatar/omar-outichou-15140407,2008-04-26 00:00:00,3000 Metres
Hussain ISMAIL HASSAN,15108056,https://worldathletics.org/athletes/qatar/hussain-ismail-hassan-15108056,,Shot Put (6kg)
Abubaker Ali KAMAL,14219053,https://worldathletics.org/athletes/qatar/abubaker-ali-kamal-014219053,1983-11-08 00:00:00,"4x800 Metres Relay, 1500 Metres, 3000 Metres Steeplechase"
Achraf HIDARE,15091218,https://worldathletics.org/athletes/qatar/achraf-hidare-15091218,2006,"1500 Metres, 800 Metres, 1000 Metres"
Walid A. AL SABAHI,14219007,https://worldathletics.org/athletes/qatar/walid-a-al-sabahi-014219007,1980-03-01 00:00:00,"20 Kilometres Race Walk, 10 Kilometres Race Walk"
Ismail Daoud KAMAL MALUAL,15172117,https://worldathletics.org/athletes/qatar/ismail-daoud-kamal-malual-15172117,2006-08-18 00:00:00,400 Metres
Samuel FRANCIS,14219033,https://worldathletics.org/athletes/qatar/samuel-francis-014219033,1987-03-27 00:00:00,"100 Metres, 60 Metres, 200 Metres"
Ibrahim Moussa ADAM,14581975,https://worldathletics.org/athletes/qatar/ibrahim-moussa-adam-014581975,1996-01-01 00:00:00,"Medley Relay, 100 Metres, 200 Metres"
Maria BARAKAT,14441445,https://worldathletics.org/athletes/qatar/maria-barakat-014441445,,"100 Metres, 200 Metres, 400 Metres"
Mubarak Abdulkarim MUSA,15172118,https://worldathletics.org/athletes/qatar/mubarak-abdulkarim-musa-15172118,2005-02-25 00:00:00,400 Metres
Idriss ABAKAR,15141993,https://worldathletics.org/athletes/qatar/idriss-abakar-15141993,,"400 Metres Hurdles, 400 Metres"
Moussa DJIBRINE,15137192,https://worldathletics.org/athletes/qatar/moussa-djibrine-15137192,2007-12-28 00:00:00,"400 Metres, 200 Metres, 400 Metres Hurdles"
Khalid Mohamed AL SHAHRANI,14581984,https://worldathletics.org/athletes/qatar/khalid-mohamed-al-shahrani-014581984,1996-02-06 00:00:00,"400 Metres Hurdles, 400m hurdles (84.0cm), 300 Metres Hurdles (84.0cm)"
Majed Saeed SULTAN,14219116,https://worldathletics.org/athletes/qatar/majed-saeed-sultan-014219116,1986-11-03 00:00:00,"4x800 Metres Relay, 800 Metres, 800 Metres Short Track"
Khamis Abdullah SAIFELDIN,14219095,https://worldathletics.org/athletes/qatar/khamis-abdullah-saifeldin-014219095,1976-12-01 00:00:00,"3000 Metres Steeplechase, 5000 Metres, 1500 Metres"
Zineddine FERRAH,15027464,https://worldathletics.org/athletes/qatar/zineddine-ferrah-15027464,2006-03-21 00:00:00,"1500 Metres, 3000 Metres, 800 Metres"
Juma Omar AL NOOR,14219002,https://worldathletics.org/athletes/qatar/juma-omar-al-noor-014219002,1981-01-13 00:00:00,"Half Marathon, Marathon, 5000 Metres"
Mahamat Moussa Abdallah MAHAMOUD,15032283,https://worldathletics.org/athletes/qatar/mahamat-moussa-abdallah-mahamoud-15032283,2005-01-06 00:00:00,"4x400 Metres Relay, 400 Metres Hurdles, 400 Metres"
Elradi Obaidalla ELRADI,15158851,https://worldathletics.org/athletes/qatar/elradi-obaidalla-elradi-15158851,2001-04-04 00:00:00,800 Metres
Abu Baker ABDDALLA,14535287,https://worldathletics.org/athletes/qatar/abu-baker-abddalla-014535287,1996,"800 Metres, 1000 Metres, 300 Metres"
Haroun Hassan MAHAMAT,15172150,https://worldathletics.org/athletes/qatar/haroun-hassan-mahamat-15172150,2007-06-01 00:00:00,400 Metres Hurdles
Faycal MAHAMAT,15137191,https://worldathletics.org/athletes/qatar/faycal-mahamat-15137191,2007-01-19 00:00:00,"400 Metres Hurdles, 400 Metres"
Nooa Hussein AL MALKI,14497709,https://worldathletics.org/athletes/qatar/nooa-hussein-al-malki-014497709,1994-10-21 00:00:00,"100 Metres, 200 Metres, 4x100 Metres Relay"
Salem Hamad JAMAL,15143619,https://worldathletics.org/athletes/qatar/salem-hamad-jamal-15143619,2008-04-11 00:00:00,"60 Metres, 100 Metres"
Foaad Ali ABUBAKER,14218974,https://worldathletics.org/athletes/qatar/foaad-ali-abubaker-014218974,1982-12-03 00:00:00,"Marathon, Half Marathon, 10,000 Metres"
Haroun AHMAT,15140894,https://worldathletics.org/athletes/qatar/haroun-ahmat-15140894,2008-03-10 00:00:00,"200 Metres Short Track, 400 Metres, 400 Metres Short Track"
AbdulSalam ALAWI,15158850,https://worldathletics.org/athletes/qatar/abdulsalam-alawi-15158850,2006-07-02 00:00:00,800 Metres
Mohamed ADAM,14786410,https://worldathletics.org/athletes/qatar/mohamed-shaib-14786410,1995-01-01 00:00:00,"400 Metres Hurdles, 400 Metres, 110 Metres Hurdles"
Mohamed Yousuf ABDUL,14218965,https://worldathletics.org/athletes/qatar/mohamed-yousuf-abdul-014218965,1985,"Triple Jump, 10 Kilometres Race Walk"
Oussama SWAKAR,15135760,https://worldathletics.org/athletes/qatar/oussama-swakar-15135760,2007-04-16 00:00:00,"4x400 Metres Relay, 400 Metres"
Amir MUHAMMAD,14993096,https://worldathletics.org/athletes/qatar/amir-muhammad-14993096,2004-04-21 00:00:00,100 Metres
Yousuf ABDULAZIZ,15108048,https://worldathletics.org/athletes/qatar/yousuf-abdulaziz-15108048,,400 Metres
Eid Abdulla AL KUWARI,14375382,https://worldathletics.org/athletes/qatar/eid-abdulla-al-kuwari-014375382,1993-02-04 00:00:00,"4x100 Metres Relay, 100 Metres, 200 Metres"
Rashid Ali AL KHULAIFI,14480233,https://worldathletics.org/athletes/qatar/rashid-ali-al-khulaifi-014480233,1996-04-23 00:00:00,"Shot Put, Discus Throw (1.500kg), Shot Put (5kg)"
Abdulaziz AL AMEERI,14218979,https://worldathletics.org/athletes/qatar/abdulaziz-al-ameeri-014218979,1982-06-12 00:00:00,"1500 Metres, 5000 Metres, 3000 Metres"
Hamad Dhawi ALSULTAN,15101222,https://worldathletics.org/athletes/qatar/hamad-dhawi-alsultan-15101222,2008-06-22 00:00:00,"Discus Throw (1.500kg), Discus Throw (1.750kg)"
Kendry FUENTES,15154342,https://worldathletics.org/athletes/qatar/kendry-fuentes-15154342,2006-03-14 00:00:00,"60m Hurdles (99.0cm), 110m Hurdles (99.0cm), 100 Metres"
Fahad ALHABABI,14886857,https://worldathletics.org/athletes/qatar/fahad-mohd-al-abdulla-014886857,2002,400m hurdles (84.0cm)
Mubarak Faraj AL NUBI,14219004,https://worldathletics.org/athletes/qatar/mubarak-faraj-al-nubi-014219004,1977-12-30 00:00:00,"400 Metres Hurdles, 4x400 Metres Relay, 110 Metres Hurdles"
James Kwalia C'KURUI,14219027,https://worldathletics.org/athletes/qatar/james-kwalia-ckurui-014219027,1984-06-12 00:00:00,"3000 Metres, 5000 Metres, 3000 Metres Short Track"
Adoum Mahamoud SALEH,15143624,https://worldathletics.org/athletes/qatar/adoum-mahamoud-saleh-15143624,2008-06-11 00:00:00,"Discus Throw (1.500kg), Shot Put (5kg)"
Amar Ebed EBED,14882926,https://worldathletics.org/athletes/qatar/amar-ebed-ebed-14882926,2002-01-01 00:00:00,"4x400 Metres Relay, 400 Metres Hurdles, 400 Metres"
Ibrahim ABDELRAHMAN,15102628,https://worldathletics.org/athletes/qatar/ibrahim-abdelrahman-15102628,2007-04-08 00:00:00,"Hammer Throw (5kg), Hammer Throw (6kg), Hammer Throw"
Hussein IBRAHIM ISSAKA,14936510,https://worldathletics.org/athletes/qatar/hussein-ibrahim-issaka-14936510,2003-11-22 00:00:00,"4x400 Metres Relay Short Track, 400 Metres, 4x400 Metres Relay"
Rakan AL-NAIMI,15089242,https://worldathletics.org/athletes/qatar/rakan-mubarak-al-rashidi-15089242,2007-02-07 00:00:00,"60m Hurdles (91.4cm), Long Jump, 110m Hurdles (91.4cm)"
Omar Abdulla AL JASSIM,14479835,https://worldathletics.org/athletes/qatar/omar-abdulla-al-jassim-014479835,1995-05-20 00:00:00,400m hurdles (84.0cm)
Salem Amer AL BADRI,14218980,https://worldathletics.org/athletes/qatar/salem-amer-al-badri-014218980,1985-12-12 00:00:00,"4x800 Metres Relay, 800 Metres, 800 Metres Short Track"
Saad Faraj AL SHAHWANI,14219009,https://worldathletics.org/athletes/qatar/saad-faraj-al-shahwani-014219009,1983-12-20 00:00:00,"100 Metres, 4x100 Metres Relay, 200 Metres"
Essa Ismail RASHED,14219090,https://worldathletics.org/athletes/qatar/essa-ismail-rashed-14219090,1986-12-14 00:00:00,"3000 Metres, 5000 Metres, Marathon"
Fahad AL-MOHANNADI,14886857,https://worldathletics.org/athletes/qatar/fahad-mohd-al-abdulla-014886857,2002,400m hurdles (84.0cm)
Mohamed ELMEKKAOUI,15134313,https://worldathletics.org/athletes/qatar/mohamed-elmekkaoui-15134313,,Half Marathon
Dana NOUR,15154345,https://worldathletics.org/athletes/qatar/dana-nour-15154345,,100 Metres
Osmma ZADZER,15134312,https://worldathletics.org/athletes/qatar/osmma-zadzer-15134312,,Half Marathon
Rashid Shafi AL DOSARI,14218984,https://worldathletics.org/athletes/qatar/rashid-shafi-al-dosari-014218984,1981-05-08 00:00:00,Discus Throw
Alissar SAADELLAH,15154346,https://worldathletics.org/athletes/qatar/alissar-saadellah-15154346,2009-01-14 00:00:00,"60 Metres, 100 Metres"
Ammar Ismail YAHIA IBRAHIM,14951608,https://worldathletics.org/athletes/qatar/ammar-ismail-yahia-ibrahim-14951608,1996-09-18 00:00:00,"400 Metres, 4x400 Metres Relay, 400 Metres Short Track"
Moustafa HABIB,15140392,https://worldathletics.org/athletes/qatar/moustafa-habib-15140392,2007-07-20 00:00:00,Javelin Throw (700g)
Mohammed AL KAABI,14218990,https://worldathletics.org/athletes/qatar/mohammed-al-kaabi-014218990,1984-12-31 00:00:00,"Hammer Throw (5kg), Hammer Throw, Hammer Throw (6kg)"
Hamdi ALI,14595052,https://worldathletics.org/athletes/qatar/hamdi-ali-14595052,1997-04-15 00:00:00,High Jump
Omer ELFADI,14973858,https://worldathletics.org/athletes/qatar/omer-elfadi-14973858,,"1500 Metres, 800 Metres, One Mile Short Track"
Bader AL JABOR HASHIM,14383620,https://worldathletics.org/athletes/qatar/bader-al-jabor-hashim-014383620,1991-01-28 00:00:00,"Pole Vault, 110m Hurdles (99.0cm)"
Yussuf HASSAN,15091217,https://worldathletics.org/athletes/qatar/yussuf-hassan-15091217,1998,"1500 Metres, Half Marathon"
Felix KIBORE,14219059,https://worldathletics.org/athletes/qatar/felix-kibore-014219059,1988-02-18 00:00:00,"10,000 Metres, 5000 Metres, 3000 Metres"
Nasser Ahmed AL-ATBI,15091187,https://worldathletics.org/athletes/qatar/nasser-ahmed-al-atbi-15091187,2009-03-14 00:00:00,Pole Vault
Obied MOHAMED,15131838,https://worldathletics.org/athletes/qatar/obied-mohamed-15131838,,"800 Metres Short Track, 400 Metres Hurdles, 600 Metres"
Fatima Mazaher SASSANIPOOR,14385968,https://worldathletics.org/athletes/qatar/fatima-mazaher-sassanipoor-014385968,1994-01-08 00:00:00,"4x100 Metres Relay, Heptathlon, Long Jump"
Abdulla Saad AL-ABDULLA,15091202,https://worldathletics.org/athletes/qatar/abdulla-saad-al-abdulla-15091202,2008-10-26 00:00:00,Pole Vault
Mousa HUSSAIN HAMID,14219045,https://worldathletics.org/athletes/qatar/mousa-hussain-hamid-014219045,1983,"400 Metres Hurdles, 5000 Metres, Half Marathon"
Ahmed Adam SALEH,14219097,https://worldathletics.org/athletes/qatar/ahmed-adam-saleh-014219097,1969,"Marathon, 20 Kilometres, Half Marathon"
Hamad ALSULTAN,15101222,https://worldathletics.org/athletes/qatar/hamad-dhawi-alsultan-15101222,2008-06-22 00:00:00,"Discus Throw (1.500kg), Discus Throw (1.750kg)"
Abdraman Mahamat KOGNE,15018821,https://worldathletics.org/athletes/qatar/abdraman-mahamat-kogne-15018821,2006-07-14 00:00:00,"60 Metres, 200 Metres, 100 Metres"
Zayat MOHAMMED SAEED,14435641,https://worldathletics.org/athletes/qatar/zayat-mohammed-saeed-014435641,1991,"100 Metres, 200 Metres, 300 Metres Hurdles"
Abdullah ELKHAIR,15087972,https://worldathletics.org/athletes/qatar/abdullah-elkhair-15087972,,"4x800 Metres Relay, 800 Metres, 800 Metres Short Track"
Adam ABDU ADAM,14218964,https://worldathletics.org/athletes/qatar/adam-abdu-adam-014218964,1983-06-15 00:00:00,"800 Metres, 1500 Metres, 800 Metres Short Track"
Mohamed Yousuf ABDUL WAHID,14218965,https://worldathletics.org/athletes/qatar/mohamed-yousuf-abdul-014218965,1985,"Triple Jump, 10 Kilometres Race Walk"
Saif Sabbah KHALIFA,14386180,https://worldathletics.org/athletes/qatar/saif-sabbah-khalifa-014386180,1992-06-01 00:00:00,"110m Hurdles (99.0cm), 110 Metres Hurdles, 60 Metres Hurdles"
Younes Eid AL-BALUSHI,15143622,https://worldathletics.org/athletes/qatar/younes-eid-al-balushi-15143622,2008-04-09 00:00:00,Pole Vault
Hakiri AKREM,15038563,https://worldathletics.org/athletes/qatar/hakiri-akrem-15038563,2006-09-22 00:00:00,"Javelin Throw (700g), Javelin Throw"
Ibrahim Abass M CHOUT,14886009,https://worldathletics.org/athletes/qatar/ibrahim-abass-m-chout-14886009,2004-07-05 00:00:00,"800 Metres, 1500 Metres"
Khalid Wadi ADOUM,15018816,https://worldathletics.org/athletes/qatar/khalid-wadi-adoum-15018816,2005-06-23 00:00:00,"4x400 Metres Relay, 100 Metres, 400 Metres"
Mutaz Essa BARSHIM,14377312,https://worldathletics.org/athletes/qatar/mutaz-essa-barshim-14377312,1991-06-24 00:00:00,"High Jump, 110 Metres Hurdles"
Anas MIRGHANI,15039358,https://worldathletics.org/athletes/qatar/anas-mirghani-15039358,2004,Triple Jump
Hussain NASSER,14219081,https://worldathletics.org/athletes/qatar/hussain-nasser-014219081,1985,800 Metres
Youssef HAMED,14972114,https://worldathletics.org/athletes/qatar/youssef-hamed-14972114,2004-07-15 00:00:00,"60 Metres, 100 Metres, 200 Metres"
Hatim AIT OULGHAZI,14953833,https://worldathletics.org/athletes/qatar/hatim-ait-oulghazi-14953833,2006-02-23 00:00:00,"800 Metres, 1500 Metres, 4x400 Metres Relay"
Hatem MOHAMED,14219070,https://worldathletics.org/athletes/qatar/hatem-mohamed-014219070,1984,"400 Metres Hurdles, 400m hurdles (84.0cm)"
Zakrya Ali KAMIL,14327994,https://worldathletics.org/athletes/qatar/zakrya-ali-kamil-014327994,1988-03-25 00:00:00,"3000 Metres Steeplechase, 1500 Metres, 3000 Metres"
Jamaal BADRU,15091184,https://worldathletics.org/athletes/qatar/jamaal-badru-15091184,2009-07-30 00:00:00,"60m Hurdles (91.4cm), 60 Metres, Long Jump"
Abdirahman Saeed HASSAN,14751206,https://worldathletics.org/athletes/qatar/abdirahman-saeed-hassan-14751206,1997-04-13 00:00:00,"1500 Metres, 800 Metres, 1500 Metres Short Track"
Ibrahim Abdullah AL WALEED,14219016,https://worldathletics.org/athletes/qatar/ibrahim-abdullah-al-waleed-014219016,1984-05-07 00:00:00,"Long Jump, 100 Metres, 200 Metres"
Saif Saaeed SHAHEEN,14219103,https://worldathletics.org/athletes/qatar/saif-saaeed-shaheen-014219103,1982-10-15 00:00:00,"3000 Metres Steeplechase, 1500 Metres, 5000 Metres"
Rakan Mubarak AL-RASHIDI,15089242,https://worldathletics.org/athletes/qatar/rakan-mubarak-al-rashidi-15089242,2007-02-07 00:00:00,"60m Hurdles (91.4cm), Long Jump, 110m Hurdles (91.4cm)"
Assad MAMOON,14219065,https://worldathletics.org/athletes/qatar/assad-mamoon-014219065,1984,"Shot Put, Discus Throw (1.500kg), Shot Put (5kg)"
Ashraf Hussen OSMAN,14882924,https://worldathletics.org/athletes/qatar/ashraf-hussen-osman-14882924,2001-12-02 00:00:00,"400 Metres, 400 Metres Hurdles, 4x400 Metres Relay"
Ahmad Hassan ABDULLAH,14218968,https://worldathletics.org/athletes/qatar/ahmad-hassan-abdullah-014218968,1981-04-04 00:00:00,"10,000 Metres, 5000 Metres, 3000 Metres"
Qatar,14761213,https://worldathletics.org/athletes/qatar/abdul-al-katar-014761213,2000,110m Hurdles (91.4cm)
Youssouf Abdelaziz DJIBRINE,15076371,https://worldathletics.org/athletes/qatar/youssouf-abdelaziz-djibrine-15076371,2007-06-20 00:00:00,"400 Metres Short Track, 400 Metres, 4x400 Metres Relay"
Hamza HASHEM,15134011,https://worldathletics.org/athletes/qatar/hamza-hashem-15134011,2007-02-17 00:00:00,"Long Jump, Triple Jump"
Mohamed Khalifa NUH,14886812,https://worldathletics.org/athletes/qatar/mohamed-khalifa-nuh-14886812,2003,"110m Hurdles (99.0cm), High Jump, 400 Metres Hurdles"
Khaled Youssef AL OBAIDLI,14219005,https://worldathletics.org/athletes/qatar/khaled-youssef-al-obaidli-014219005,1981-08-17 00:00:00,"100 Metres, 200 Metres, 4x100 Metres Relay"
Nicholas KEMBOI,14219056,https://worldathletics.org/athletes/qatar/nicholas-kemboi-014219056,1983-11-25 00:00:00,"10,000 Metres, 5000 Metres, Half Marathon"
Moaaz Mohamed IBRAHIM,14752921,https://worldathletics.org/athletes/qatar/moaaz-mohamed-ibrahim-14752921,1999-02-08 00:00:00,"Discus Throw (1.750kg), Discus Throw, Shot Put (6kg)"
Saleh HAMMAD,15013088,https://worldathletics.org/athletes/qatar/saleh-hammad-15013088,,"1500 Metres, 800 Metres"
Mahamat Zakaria KHALID,14886796,https://worldathletics.org/athletes/qatar/mahamat-zakaria-khalid-014886796,2002-03-23 00:00:00,"4x100 Metres Relay, 100 Metres, 200 Metres"
Salaheddine BAKKAR EL SAFI,14219022,https://worldathletics.org/athletes/qatar/salaheddine-bakkar-el-safi-014219022,1980-04-01 00:00:00,"4x400 Metres Relay, 400 Metres, 400 Metres Short Track"
Mohamed ABDOU BAKHET,14218963,https://worldathletics.org/athletes/qatar/mohamed-abdou-bakhet-014218963,1987-12-25 00:00:00,"Half Marathon, 5000 Metres, 10,000 Metres"
Caleb KAPORTOVI,15081808,https://worldathletics.org/athletes/qatar/caleb-kaportovi-15081808,2005-07-11 00:00:00,100 Metres
Abdulaziz Mohamed Salem MOHAMED,15157285,https://worldathletics.org/athletes/qatar/abdulaziz-mohamed-salem-mohamed-15157285,,100 Metres
Ibrahim Muftah ISMAIL FARAJ,14219049,https://worldathletics.org/athletes/qatar/ibrahim-ismail-14219049,1972-05-10 00:00:00,"400 Metres, 200 Metres, 400 Metres Short Track"
Issa ADOUM,15040919,https://worldathletics.org/athletes/qatar/issa-adoum-15040919,2004-04-10 00:00:00,100 Metres
Ali ELABSY,14595052,https://worldathletics.org/athletes/qatar/hamdi-ali-14595052,1997-04-15 00:00:00,High Jump
Khalid Habash AL SUWAIDI,14219013,https://worldathletics.org/athletes/qatar/khalid-habash-al-suwaidi-014219013,1984-10-10 00:00:00,"Shot Put, Discus Throw, Discus Throw (1.500kg)"
Ali AL DAWOODI,14218981,https://worldathletics.org/athletes/qatar/ali-al-dawoodi-014218981,1984-06-29 00:00:00,"Half Marathon, 5000 Metres, 10,000 Metres"
Bilal Saad MUBARAK,14219075,https://worldathletics.org/athletes/qatar/bilal-saad-mubarak-014219075,1972-12-18 00:00:00,Shot Put
Oumar Doudai ABAKAR,14953418,https://worldathletics.org/athletes/qatar/oumar-doudai-abakar-14953418,2005-01-01 00:00:00,"110m Hurdles (99.0cm), 60 Metres Hurdles, 110 Metres Hurdles"
